{
  "cpu_usage": {
    "average": 6.785097510491448,
    "peak": 14.764298777966543,
    "min": 5.444409150311052,
    "samples": 51
  },
  "memory_usage": {
    "average": 86.44330020979339,
    "peak": 92.0510368347168,
    "min": 72.31585693359375,
    "samples": 51
  },
  "pod_count": {
    "average": 499.078431372549,
    "peak": 504.0,
    "min": 497.0,
    "samples": 51
  },
  "pvc_storage": {
    "average": 0.8580796484853707,
    "peak": 1.5027008056640625,
    "min": 0.5493049621582031,
    "samples": 51
  },
  "node_count": {
    "average": 3.0,
    "peak": 3.0,
    "min": 3.0,
    "samples": 51
  },
  "cpu_requests": {
    "average": 32.77398039215705,
    "peak": 32.973000000000184,
    "min": 32.673000000000194,
    "samples": 51
  },
  "memory_requests": {
    "average": 110.19819962744619,
    "peak": 110.50830173492432,
    "min": 109.94456624984741,
    "samples": 51
  },
  "namespace_count": {
    "average": 0,
    "peak": 0,
    "min": 0,
    "samples": 0
  }
}